{"peak_width_limits": [1.0, 5.0], "max_n_peaks": 1, "min_peak_height": 0.3, "peak_threshold": 2.0, "aperiodic_mode": "fixed", "freq_range": [1.0, 50.0], "freq_res": 0.5, "aperiodic_params_": [-0.001358225938457443, 0.9996686019602478], "gaussian_params_": [[19.830515667971987, 0.39952853951341455, 1.0091273035350063]], "peak_params_": [[19.830515667971987, 0.39393320570102763, 2.0182546070700127]], "r_squared_": 0.9998151565434173, "error_": 0.004039560205430141}