{"peak_width_limits": [1.0, 5.0], "max_n_peaks": 1, "min_peak_height": 0.3, "peak_threshold": 2.0, "aperiodic_mode": "fixed", "freq_range": [1.0, 50.0], "freq_res": 0.5, "aperiodic_params_": [-0.0006066274836212097, 0.9999032751465877], "gaussian_params_": [[20.72655532331733, 0.4035999295449165, 0.9937461462553842]], "peak_params_": [[20.72655532331733, 0.39324641543188976, 1.9874922925107683]], "r_squared_": 0.9998497178564327, "error_": 0.0034839851183297793}