{"peak_width_limits": [1.0, 5.0], "max_n_peaks": 1, "min_peak_height": 0.3, "peak_threshold": 2.0, "aperiodic_mode": "fixed", "freq_range": [1.0, 50.0], "freq_res": 0.5, "aperiodic_params_": [-0.0003886790708194099, 0.9994074315624555], "gaussian_params_": [[20.25403531561215, 0.40157118095032496, 0.9826751377279097]], "peak_params_": [[20.25403531561215, 0.3891868181681668, 1.9653502754558194]], "r_squared_": 0.9998103745250757, "error_": 0.004352273852739318}