{"peak_width_limits": [1.0, 5.0], "max_n_peaks": 1, "min_peak_height": 0.3, "peak_threshold": 2.0, "aperiodic_mode": "fixed", "freq_range": [1.0, 50.0], "freq_res": 0.5, "aperiodic_params_": [-0.002412199149970601, 0.9986014359642332], "gaussian_params_": [[19.78494885251628, 0.40143553875140037, 0.9968407798006815]], "peak_params_": [[19.78494885251628, 0.39220186606325114, 1.993681559601363]], "r_squared_": 0.9998436099466408, "error_": 0.003926793768520987}