{"peak_width_limits": [1.0, 5.0], "max_n_peaks": 1, "min_peak_height": 0.3, "peak_threshold": 2.0, "aperiodic_mode": "fixed", "freq_range": [1.0, 50.0], "freq_res": 0.5, "aperiodic_params_": [0.00293903196945202, 1.0020631760238239], "gaussian_params_": [[19.87188841840926, 0.40247351331941505, 0.9881374629944901]], "peak_params_": [[19.87188841840926, 0.39910509804242034, 1.9762749259889802]], "r_squared_": 0.9997991155733744, "error_": 0.004303071949895203}