{"peak_width_limits": [1.0, 5.0], "max_n_peaks": 1, "min_peak_height": 0.3, "peak_threshold": 2.0, "aperiodic_mode": "fixed", "freq_range": [1.0, 50.0], "freq_res": 0.5, "aperiodic_params_": [0.0030738385736674366, 1.0019676502016537], "gaussian_params_": [[19.285489545257633, 0.4010069567019922, 0.9929341295308789]], "peak_params_": [[19.285489545257633, 0.39175740953552285, 1.9858682590617578]], "r_squared_": 0.9998083888032356, "error_": 0.004205219424199177}