{"peak_width_limits": [1.0, 5.0], "max_n_peaks": 1, "min_peak_height": 0.3, "peak_threshold": 2.0, "aperiodic_mode": "fixed", "freq_range": [1.0, 50.0], "freq_res": 0.5, "aperiodic_params_": [0.003398604149683507, 1.0031683217054619], "gaussian_params_": [[19.904036465688225, 0.4065462925007423, 0.9993591231788279]], "peak_params_": [[19.904036465688225, 0.4046762625486303, 1.9987182463576558]], "r_squared_": 0.9997708823498648, "error_": 0.004558217472110792}