{"peak_width_limits": [1.0, 5.0], "max_n_peaks": 1, "min_peak_height": 0.3, "peak_threshold": 2.0, "aperiodic_mode": "fixed", "freq_range": [1.0, 50.0], "freq_res": 0.5, "aperiodic_params_": [-0.0008131839525154377, 0.9993963997831273], "gaussian_params_": [[22.822149409109915, 0.3993154490743912, 0.9984609699322772]], "peak_params_": [[22.822149409109915, 0.39303060885337615, 1.9969219398645544]], "r_squared_": 0.9998236219211497, "error_": 0.004069262561538938}