{"peak_width_limits": [1.0, 5.0], "max_n_peaks": 1, "min_peak_height": 0.3, "peak_threshold": 2.0, "aperiodic_mode": "fixed", "freq_range": [1.0, 50.0], "freq_res": 0.5, "aperiodic_params_": [-0.0003257461434591699, 0.9993799025992074], "gaussian_params_": [[19.640241041121786, 0.4019899140756927, 0.9832147005232551]], "peak_params_": [[19.640241041121786, 0.3979214390693415, 1.9664294010465102]], "r_squared_": 0.9998424573779033, "error_": 0.003798137313292745}