{"peak_width_limits": [1.0, 5.0], "max_n_peaks": 1, "min_peak_height": 0.3, "peak_threshold": 2.0, "aperiodic_mode": "fixed", "freq_range": [1.0, 50.0], "freq_res": 0.5, "aperiodic_params_": [-0.0039065080490633605, 0.9967682382018483], "gaussian_params_": [[19.877313188987564, 0.4007442986489423, 0.979936174340012]], "peak_params_": [[19.877313188987564, 0.39761579416465986, 1.959872348680024]], "r_squared_": 0.9998249557785589, "error_": 0.0038285762678024254}