{"peak_width_limits": [1.0, 5.0], "max_n_peaks": 1, "min_peak_height": 0.3, "peak_threshold": 2.0, "aperiodic_mode": "fixed", "freq_range": [1.0, 50.0], "freq_res": 0.5, "aperiodic_params_": [0.0028967355678086847, 1.0014310371701305], "gaussian_params_": [[20.324104817061407, 0.40011974334103684, 0.9839038646089535]], "peak_params_": [[20.324104817061407, 0.3937767071885132, 1.967807729217907]], "r_squared_": 0.9998665681081593, "error_": 0.0032836758490350183}