{"peak_width_limits": [1.0, 5.0], "max_n_peaks": 1, "min_peak_height": 0.3, "peak_threshold": 2.0, "aperiodic_mode": "fixed", "freq_range": [1.0, 50.0], "freq_res": 0.5, "aperiodic_params_": [-0.00056380805057884, 0.999986283197379], "gaussian_params_": [[19.98544706590822, 0.4008172789579345, 1.0061952385698987]], "peak_params_": [[19.98544706590822, 0.4007753580831326, 2.0123904771397974]], "r_squared_": 0.9998443364078843, "error_": 0.0036186683555125905}