{"peak_width_limits": [1.0, 5.0], "max_n_peaks": 1, "min_peak_height": 0.3, "peak_threshold": 2.0, "aperiodic_mode": "fixed", "freq_range": [1.0, 50.0], "freq_res": 0.5, "aperiodic_params_": [-0.001082213060606785, 0.9989528000939801], "gaussian_params_": [[21.898574937702854, 0.3932550356483592, 1.0076167819021304]], "peak_params_": [[21.898574937702854, 0.39126782244618685, 2.015233563804261]], "r_squared_": 0.9998422468053222, "error_": 0.003743011118322789}