{"peak_width_limits": [1.0, 5.0], "max_n_peaks": 1, "min_peak_height": 0.3, "peak_threshold": 2.0, "aperiodic_mode": "fixed", "freq_range": [1.0, 50.0], "freq_res": 0.5, "aperiodic_params_": [-0.0009513107669009385, 0.9998212138405322], "gaussian_params_": [[19.82656349098651, 0.3978166668032305, 1.0017007509411977]], "peak_params_": [[19.82656349098651, 0.39189822673511765, 2.0034015018823954]], "r_squared_": 0.9997923372712255, "error_": 0.004058998840965974}