{"peak_width_limits": [1.0, 5.0], "max_n_peaks": 1, "min_peak_height": 0.3, "peak_threshold": 2.0, "aperiodic_mode": "fixed", "freq_range": [1.0, 50.0], "freq_res": 0.5, "aperiodic_params_": [-0.0010792899433733362, 0.9987009033772745], "gaussian_params_": [[19.0434896645888, 0.39595294267973263, 0.9962297016073882]], "peak_params_": [[19.0434896645888, 0.3955758398140259, 1.9924594032147764]], "r_squared_": 0.9998444863502315, "error_": 0.0037872523307218753}