{"peak_width_limits": [1.0, 5.0], "max_n_peaks": 1, "min_peak_height": 0.3, "peak_threshold": 2.0, "aperiodic_mode": "fixed", "freq_range": [1.0, 50.0], "freq_res": 0.5, "aperiodic_params_": [-0.0017769425438072303, 0.998594903383538], "gaussian_params_": [[19.876746751333524, 0.3966273190562948, 1.0074121779956347]], "peak_params_": [[19.876746751333524, 0.39366991407462093, 2.0148243559912693]], "r_squared_": 0.9998110031547494, "error_": 0.00404212052005534}