{"peak_width_limits": [1.0, 5.0], "max_n_peaks": 1, "min_peak_height": 0.3, "peak_threshold": 2.0, "aperiodic_mode": "fixed", "freq_range": [1.0, 50.0], "freq_res": 0.5, "aperiodic_params_": [0.0013898888587238834, 1.0004846917819048], "gaussian_params_": [[20.512378581806534, 0.4033651263291081, 0.9810330261932138]], "peak_params_": [[20.512378581806534, 0.40333301741693095, 1.9620660523864275]], "r_squared_": 0.9998243179196771, "error_": 0.004110762400498815}