{"peak_width_limits": [1.0, 5.0], "max_n_peaks": 1, "min_peak_height": 0.3, "peak_threshold": 2.0, "aperiodic_mode": "fixed", "freq_range": [1.0, 50.0], "freq_res": 0.5, "aperiodic_params_": [-0.0024411594453363702, 0.9981177221685538], "gaussian_params_": [[17.874200601925217, 0.3975640397729044, 1.014733365873844]], "peak_params_": [[17.874200601925217, 0.39452061399249183, 2.029466731747688]], "r_squared_": 0.9998190060994427, "error_": 0.004152938159821202}