{"peak_width_limits": [1.0, 5.0], "max_n_peaks": 1, "min_peak_height": 0.3, "peak_threshold": 2.0, "aperiodic_mode": "fixed", "freq_range": [1.0, 50.0], "freq_res": 0.5, "aperiodic_params_": [-0.0024334235408961552, 0.998047396511415], "gaussian_params_": [[18.544651756474344, 0.4029975616791547, 1.0096911542746965]], "peak_params_": [[18.544651756474344, 0.4026036851559094, 2.019382308549393]], "r_squared_": 0.9998239573304164, "error_": 0.004014213561392613}