{"peak_width_limits": [1.0, 5.0], "max_n_peaks": 1, "min_peak_height": 0.3, "peak_threshold": 2.0, "aperiodic_mode": "fixed", "freq_range": [1.0, 50.0], "freq_res": 0.5, "aperiodic_params_": [0.00043921520267746147, 1.0006438186876256], "gaussian_params_": [[21.340286463789134, 0.3927855038288506, 1.0146155210666343]], "peak_params_": [[21.340286463789134, 0.3879491467774987, 2.0292310421332687]], "r_squared_": 0.9998573780898022, "error_": 0.0037455784022083706}