{"peak_width_limits": [1.0, 5.0], "max_n_peaks": 1, "min_peak_height": 0.3, "peak_threshold": 2.0, "aperiodic_mode": "fixed", "freq_range": [1.0, 50.0], "freq_res": 0.5, "aperiodic_params_": [-0.003170016285812862, 0.9979433506612795], "gaussian_params_": [[20.71404609396866, 0.4069064653052688, 0.9893038101699854]], "peak_params_": [[20.71404609396866, 0.3974930497049487, 1.9786076203399707]], "r_squared_": 0.9997859607925124, "error_": 0.004608598581754832}