{"peak_width_limits": [1.0, 5.0], "max_n_peaks": 1, "min_peak_height": 0.3, "peak_threshold": 2.0, "aperiodic_mode": "fixed", "freq_range": [1.0, 50.0], "freq_res": 0.5, "aperiodic_params_": [-0.001164779090366722, 0.9991369976789628], "gaussian_params_": [[18.965438280201074, 0.4031181969636734, 0.9874387396171092]], "peak_params_": [[18.965438280201074, 0.402871343191877, 1.9748774792342183]], "r_squared_": 0.9998444720368139, "error_": 0.0038943224334951516}