{"peak_width_limits": [1.0, 5.0], "max_n_peaks": 1, "min_peak_height": 0.3, "peak_threshold": 2.0, "aperiodic_mode": "fixed", "freq_range": [1.0, 50.0], "freq_res": 0.5, "aperiodic_params_": [0.0015396668279701114, 1.0010736079062494], "gaussian_params_": [[19.777334620565703, 0.4039610412212953, 0.9848358478290995]], "peak_params_": [[19.777334620565703, 0.3937669411995093, 1.969671695658199]], "r_squared_": 0.9998471375593431, "error_": 0.0038042751529113643}