{"peak_width_limits": [1.0, 5.0], "max_n_peaks": 1, "min_peak_height": 0.3, "peak_threshold": 2.0, "aperiodic_mode": "fixed", "freq_range": [1.0, 50.0], "freq_res": 0.5, "aperiodic_params_": [-0.00011439364737116792, 1.0001933106900012], "gaussian_params_": [[19.67373166000274, 0.40097049280420616, 1.0088365219863864]], "peak_params_": [[19.67373166000274, 0.39506871497768103, 2.017673043972773]], "r_squared_": 0.9998663798064724, "error_": 0.0034991135868000056}