{"peak_width_limits": [1.0, 5.0], "max_n_peaks": 1, "min_peak_height": 0.3, "peak_threshold": 2.0, "aperiodic_mode": "fixed", "freq_range": [1.0, 50.0], "freq_res": 0.5, "aperiodic_params_": [0.0029641055631501453, 1.0027052847422866], "gaussian_params_": [[20.68126119248879, 0.40091528899892587, 0.9898603527531123]], "peak_params_": [[20.68126119248879, 0.3942495423111332, 1.9797207055062247]], "r_squared_": 0.999850916476132, "error_": 0.0035626454420928317}