{"peak_width_limits": [1.0, 5.0], "max_n_peaks": 1, "min_peak_height": 0.3, "peak_threshold": 2.0, "aperiodic_mode": "fixed", "freq_range": [1.0, 50.0], "freq_res": 0.5, "aperiodic_params_": [-0.002699400348476622, 0.9983799212416126], "gaussian_params_": [[19.071944269234873, 0.3987508926246457, 0.9946177989649595]], "peak_params_": [[19.071944269234873, 0.3977090942368844, 1.989235597929919]], "r_squared_": 0.9998228982041291, "error_": 0.003988522437204203}