{"peak_width_limits": [1.0, 5.0], "max_n_peaks": 1, "min_peak_height": 0.3, "peak_threshold": 2.0, "aperiodic_mode": "fixed", "freq_range": [1.0, 50.0], "freq_res": 0.5, "aperiodic_params_": [0.0003707728772591237, 1.0009581576325093], "gaussian_params_": [[19.193248761276813, 0.4030188954087831, 0.9900912623601001]], "peak_params_": [[19.193248761276813, 0.3954147799009038, 1.9801825247202003]], "r_squared_": 0.9998302830597121, "error_": 0.004041352254901572}