{"peak_width_limits": [1.0, 5.0], "max_n_peaks": 1, "min_peak_height": 0.3, "peak_threshold": 2.0, "aperiodic_mode": "fixed", "freq_range": [1.0, 50.0], "freq_res": 0.5, "aperiodic_params_": [0.002111552842762631, 1.0016372731943077], "gaussian_params_": [[19.649281813219552, 0.40320039989172063, 1.0085608858734987]], "peak_params_": [[19.649281813219552, 0.3988077759735825, 2.0171217717469974]], "r_squared_": 0.9998039997727534, "error_": 0.004224719152076003}