{"peak_width_limits": [1.0, 5.0], "max_n_peaks": 1, "min_peak_height": 0.3, "peak_threshold": 2.0, "aperiodic_mode": "fixed", "freq_range": [1.0, 50.0], "freq_res": 0.5, "aperiodic_params_": [0.00047775973500885154, 1.0001081149935371], "gaussian_params_": [[19.129789446961073, 0.39212536573426093, 1.0082691069443654]], "peak_params_": [[19.129789446961073, 0.3888900032387992, 2.016538213888731]], "r_squared_": 0.9998061968030901, "error_": 0.003966562794902261}