{"peak_width_limits": [1.0, 5.0], "max_n_peaks": 1, "min_peak_height": 0.3, "peak_threshold": 2.0, "aperiodic_mode": "fixed", "freq_range": [1.0, 50.0], "freq_res": 0.5, "aperiodic_params_": [-0.0007998777640540373, 0.9993698062617927], "gaussian_params_": [[20.09903833028791, 0.4037049292286354, 0.9884538976211001]], "peak_params_": [[20.09903833028791, 0.401683594132047, 1.9769077952422003]], "r_squared_": 0.9998395682358522, "error_": 0.003800379538871089}