{"peak_width_limits": [1.0, 5.0], "max_n_peaks": 1, "min_peak_height": 0.3, "peak_threshold": 2.0, "aperiodic_mode": "fixed", "freq_range": [1.0, 50.0], "freq_res": 0.5, "aperiodic_params_": [-0.0004855210541734943, 1.0002360890868065], "gaussian_params_": [[19.118110533972615, 0.39476712301583855, 1.0167144564512454]], "peak_params_": [[19.118110533972615, 0.3921123594379379, 2.0334289129024907]], "r_squared_": 0.9998341520934262, "error_": 0.003761828117983151}