{"peak_width_limits": [1.0, 5.0], "max_n_peaks": 1, "min_peak_height": 0.3, "peak_threshold": 2.0, "aperiodic_mode": "fixed", "freq_range": [1.0, 50.0], "freq_res": 0.5, "aperiodic_params_": [-0.0003013174655043419, 0.9992388792413281], "gaussian_params_": [[20.322143002262077, 0.40131635725394954, 0.9897525783871658]], "peak_params_": [[20.322143002262077, 0.3948888258792933, 1.9795051567743316]], "r_squared_": 0.9998363923953253, "error_": 0.003601021098097235}