{"peak_width_limits": [1.0, 5.0], "max_n_peaks": 1, "min_peak_height": 0.3, "peak_threshold": 2.0, "aperiodic_mode": "fixed", "freq_range": [1.0, 50.0], "freq_res": 0.5, "aperiodic_params_": [-0.0013649104344455097, 0.9994450678985985], "gaussian_params_": [[19.806370118893444, 0.4000722375171652, 0.994384727575197]], "peak_params_": [[19.806370118893444, 0.3925588811894636, 1.988769455150394]], "r_squared_": 0.9998100199538945, "error_": 0.004276444413045026}