{"peak_width_limits": [1.0, 5.0], "max_n_peaks": 1, "min_peak_height": 0.3, "peak_threshold": 2.0, "aperiodic_mode": "fixed", "freq_range": [1.0, 50.0], "freq_res": 0.5, "aperiodic_params_": [0.0007260568572998225, 1.000375872287484], "gaussian_params_": [[21.42170172790481, 0.3987249378398045, 1.0172206256195218]], "peak_params_": [[21.42170172790481, 0.39754550198638117, 2.0344412512390435]], "r_squared_": 0.9998432721716799, "error_": 0.0037725691548769046}