{"peak_width_limits": [1.0, 5.0], "max_n_peaks": 1, "min_peak_height": 0.3, "peak_threshold": 2.0, "aperiodic_mode": "fixed", "freq_range": [1.0, 50.0], "freq_res": 0.5, "aperiodic_params_": [-0.0021497651760862112, 0.9985859839688069], "gaussian_params_": [[20.20826226537301, 0.3993835445359329, 1.00309804424302]], "peak_params_": [[20.20826226537301, 0.39086779563116614, 2.00619608848604]], "r_squared_": 0.9998505814421212, "error_": 0.0037118384646299806}