{"peak_width_limits": [1.0, 5.0], "max_n_peaks": 1, "min_peak_height": 0.3, "peak_threshold": 2.0, "aperiodic_mode": "fixed", "freq_range": [1.0, 50.0], "freq_res": 0.5, "aperiodic_params_": [0.0008736125470184777, 1.000583799309209], "gaussian_params_": [[20.152314860971398, 0.40380687837101825, 0.9760047703865476]], "peak_params_": [[20.152314860971398, 0.39891942292948057, 1.9520095407730953]], "r_squared_": 0.9998571772440221, "error_": 0.003465973469907163}