{"peak_width_limits": [1.0, 5.0], "max_n_peaks": 1, "min_peak_height": 0.3, "peak_threshold": 2.0, "aperiodic_mode": "fixed", "freq_range": [1.0, 50.0], "freq_res": 0.5, "aperiodic_params_": [-0.0004983810971771402, 0.99969741286221], "gaussian_params_": [[20.179697515762474, 0.4008329192031599, 0.987287800262382]], "peak_params_": [[20.179697515762474, 0.3942481869911991, 1.974575600524764]], "r_squared_": 0.9998460418606153, "error_": 0.0036058842015780383}