{"peak_width_limits": [1.0, 5.0], "max_n_peaks": 1, "min_peak_height": 0.3, "peak_threshold": 2.0, "aperiodic_mode": "fixed", "freq_range": [1.0, 50.0], "freq_res": 0.5, "aperiodic_params_": [0.0012691837895767101, 1.00118623233627], "gaussian_params_": [[19.437376279322354, 0.4005308402750816, 0.9994859209986119]], "peak_params_": [[19.437376279322354, 0.3997454162653715, 1.9989718419972238]], "r_squared_": 0.9998459048534669, "error_": 0.0035980313171103304}