{"peak_width_limits": [1.0, 5.0], "max_n_peaks": 1, "min_peak_height": 0.3, "peak_threshold": 2.0, "aperiodic_mode": "fixed", "freq_range": [1.0, 50.0], "freq_res": 0.5, "aperiodic_params_": [0.0002705815925294566, 1.0001250041043805], "gaussian_params_": [[18.652111191463078, 0.39720822061478867, 1.0036191953546028]], "peak_params_": [[18.652111191463078, 0.3926721378815685, 2.0072383907092055]], "r_squared_": 0.9998507501908837, "error_": 0.0035074677704097913}