{"peak_width_limits": [1.0, 5.0], "max_n_peaks": 1, "min_peak_height": 0.3, "peak_threshold": 2.0, "aperiodic_mode": "fixed", "freq_range": [1.0, 50.0], "freq_res": 0.5, "aperiodic_params_": [0.0007995597561029546, 1.0011440746785527], "gaussian_params_": [[19.355476030146495, 0.40148940438200825, 0.9971420885750256]], "peak_params_": [[19.355476030146495, 0.39729441424875267, 1.9942841771500512]], "r_squared_": 0.9998425711901393, "error_": 0.0038492143756323426}