{"peak_width_limits": [1.0, 5.0], "max_n_peaks": 1, "min_peak_height": 0.3, "peak_threshold": 2.0, "aperiodic_mode": "fixed", "freq_range": [1.0, 50.0], "freq_res": 0.5, "aperiodic_params_": [-0.0003868214111356777, 0.9993558434497102], "gaussian_params_": [[19.685654790513308, 0.40153523011961806, 0.991509323824107]], "peak_params_": [[19.685654790513308, 0.3945575463206764, 1.983018647648214]], "r_squared_": 0.9998198104115812, "error_": 0.004118625893516843}