{"peak_width_limits": [1.0, 5.0], "max_n_peaks": 1, "min_peak_height": 0.3, "peak_threshold": 2.0, "aperiodic_mode": "fixed", "freq_range": [1.0, 50.0], "freq_res": 0.5, "aperiodic_params_": [0.0013779696656528633, 1.0006762912894822], "gaussian_params_": [[21.20416929735046, 0.4003533187903629, 0.9853534824604507]], "peak_params_": [[21.20416929735046, 0.3918506143622995, 1.9707069649209015]], "r_squared_": 0.9998430017668074, "error_": 0.0038610144816463433}