{"peak_width_limits": [1.0, 5.0], "max_n_peaks": 1, "min_peak_height": 0.3, "peak_threshold": 2.0, "aperiodic_mode": "fixed", "freq_range": [1.0, 50.0], "freq_res": 0.5, "aperiodic_params_": [-0.000418236376790796, 0.9993198501725289], "gaussian_params_": [[18.89435214442311, 0.39797115222478374, 1.0167253947648243]], "peak_params_": [[18.89435214442311, 0.39582843995922934, 2.0334507895296485]], "r_squared_": 0.9997936283376843, "error_": 0.004336286844952511}