{"peak_width_limits": [1.0, 5.0], "max_n_peaks": 1, "min_peak_height": 0.3, "peak_threshold": 2.0, "aperiodic_mode": "fixed", "freq_range": [1.0, 50.0], "freq_res": 0.5, "aperiodic_params_": [5.4385836960392975e-05, 0.9999590608281386], "gaussian_params_": [[20.419981883982466, 0.3981859897769866, 0.9891445374638107]], "peak_params_": [[20.419981883982466, 0.39688521299965207, 1.9782890749276214]], "r_squared_": 0.999813151785926, "error_": 0.004065065584247828}