{"peak_width_limits": [1.0, 5.0], "max_n_peaks": 1, "min_peak_height": 0.3, "peak_threshold": 2.0, "aperiodic_mode": "fixed", "freq_range": [1.0, 50.0], "freq_res": 0.5, "aperiodic_params_": [2.714929689818582e-05, 1.0004055254057338], "gaussian_params_": [[19.70454227391865, 0.40072586818035855, 0.9864476879963434]], "peak_params_": [[19.70454227391865, 0.3922031983773271, 1.9728953759926868]], "r_squared_": 0.9998384299643602, "error_": 0.00379901491384247}