{"peak_width_limits": [1.0, 5.0], "max_n_peaks": 1, "min_peak_height": 0.3, "peak_threshold": 2.0, "aperiodic_mode": "fixed", "freq_range": [1.0, 50.0], "freq_res": 0.5, "aperiodic_params_": [-0.0016636965176318518, 0.9988909966792497], "gaussian_params_": [[18.971124385668922, 0.4022665655924337, 1.002586725277982]], "peak_params_": [[18.971124385668922, 0.4020997592928801, 2.005173450555964]], "r_squared_": 0.9998225716147285, "error_": 0.004045193461111693}