{"peak_width_limits": [1.0, 5.0], "max_n_peaks": 1, "min_peak_height": 0.3, "peak_threshold": 2.0, "aperiodic_mode": "fixed", "freq_range": [1.0, 50.0], "freq_res": 0.5, "aperiodic_params_": [0.0003620044232449118, 1.0002980098805883], "gaussian_params_": [[20.8984334935542, 0.4031081033731826, 0.9872401344288756]], "peak_params_": [[20.8984334935542, 0.4009804625944885, 1.9744802688577512]], "r_squared_": 0.9998689645752199, "error_": 0.0034108695182259426}