{"peak_width_limits": [1.0, 5.0], "max_n_peaks": 1, "min_peak_height": 0.3, "peak_threshold": 2.0, "aperiodic_mode": "fixed", "freq_range": [1.0, 50.0], "freq_res": 0.5, "aperiodic_params_": [-0.0013242028489134894, 0.9990540097813863], "gaussian_params_": [[19.819348701778733, 0.39620210590777444, 1.0067012867583092]], "peak_params_": [[19.819348701778733, 0.389873965172983, 2.0134025735166183]], "r_squared_": 0.9998192405914756, "error_": 0.004118971744352365}