{"peak_width_limits": [1.0, 5.0], "max_n_peaks": 1, "min_peak_height": 0.3, "peak_threshold": 2.0, "aperiodic_mode": "fixed", "freq_range": [1.0, 50.0], "freq_res": 0.5, "aperiodic_params_": [0.0006156576490833469, 1.0001412415611142], "gaussian_params_": [[18.299078316080177, 0.3991664210713608, 1.0048025779822058]], "peak_params_": [[18.299078316080177, 0.39126542023350697, 2.0096051559644117]], "r_squared_": 0.9998232523933338, "error_": 0.004000223265271147}