{"peak_width_limits": [1.0, 5.0], "max_n_peaks": 1, "min_peak_height": 0.3, "peak_threshold": 2.0, "aperiodic_mode": "fixed", "freq_range": [1.0, 50.0], "freq_res": 0.5, "aperiodic_params_": [-0.001962201940026928, 0.9995007940897659], "gaussian_params_": [[21.237143791422504, 0.4059111011597229, 0.9911372015867368]], "peak_params_": [[21.237143791422504, 0.39445712797054533, 1.9822744031734736]], "r_squared_": 0.9997893665420342, "error_": 0.004388895690285704}