{"peak_width_limits": [1.0, 5.0], "max_n_peaks": 1, "min_peak_height": 0.3, "peak_threshold": 2.0, "aperiodic_mode": "fixed", "freq_range": [1.0, 50.0], "freq_res": 0.5, "aperiodic_params_": [-0.0007625665290680424, 0.9992542870855964], "gaussian_params_": [[20.199785147082366, 0.39802514629021957, 1.0063588996764405]], "peak_params_": [[20.199785147082366, 0.390258578669779, 2.012717799352881]], "r_squared_": 0.9998231352109677, "error_": 0.0041250057221959265}