{"peak_width_limits": [1.0, 5.0], "max_n_peaks": 1, "min_peak_height": 0.3, "peak_threshold": 2.0, "aperiodic_mode": "fixed", "freq_range": [1.0, 50.0], "freq_res": 0.5, "aperiodic_params_": [-0.0020949970513739467, 0.9985686684500132], "gaussian_params_": [[21.013008291542082, 0.40232864323316175, 0.9946456222635165]], "peak_params_": [[21.013008291542082, 0.4022942370767779, 1.989291244527033]], "r_squared_": 0.9998423101039882, "error_": 0.0038865136099317655}