{"peak_width_limits": [1.0, 5.0], "max_n_peaks": 1, "min_peak_height": 0.3, "peak_threshold": 2.0, "aperiodic_mode": "fixed", "freq_range": [1.0, 50.0], "freq_res": 0.5, "aperiodic_params_": [0.002586619288276688, 1.0016240183602558], "gaussian_params_": [[18.94014412287108, 0.39333772037951586, 0.9996676308759022]], "peak_params_": [[18.94014412287108, 0.3926332726892088, 1.9993352617518043]], "r_squared_": 0.999844374396275, "error_": 0.003775061291726405}