{"peak_width_limits": [1.0, 5.0], "max_n_peaks": 1, "min_peak_height": 0.3, "peak_threshold": 2.0, "aperiodic_mode": "fixed", "freq_range": [1.0, 50.0], "freq_res": 0.5, "aperiodic_params_": [0.0005314609480560717, 0.999711592487233], "gaussian_params_": [[21.20810849309177, 0.401543985734347, 0.9939994505092223]], "peak_params_": [[21.20810849309177, 0.392839162274617, 1.9879989010184447]], "r_squared_": 0.9998582356206838, "error_": 0.003618151402156584}