{"peak_width_limits": [1.0, 5.0], "max_n_peaks": 1, "min_peak_height": 0.3, "peak_threshold": 2.0, "aperiodic_mode": "fixed", "freq_range": [1.0, 50.0], "freq_res": 0.5, "aperiodic_params_": [0.0008666150902907067, 1.0005407766801842], "gaussian_params_": [[21.674746973998847, 0.39720332639284583, 0.9939153651404585]], "peak_params_": [[21.674746973998847, 0.3911114435002798, 1.987830730280917]], "r_squared_": 0.9998591504602201, "error_": 0.0035676244526707903}