{"peak_width_limits": [1.0, 5.0], "max_n_peaks": 1, "min_peak_height": 0.3, "peak_threshold": 2.0, "aperiodic_mode": "fixed", "freq_range": [1.0, 50.0], "freq_res": 0.5, "aperiodic_params_": [-0.0015987214604441093, 0.99850968887147], "gaussian_params_": [[21.004122777967318, 0.4001725840204164, 0.9969083629163884]], "peak_params_": [[21.004122777967318, 0.40016916198189945, 1.9938167258327768]], "r_squared_": 0.9998022667864316, "error_": 0.00430650394637274}