{"peak_width_limits": [1.0, 5.0], "max_n_peaks": 1, "min_peak_height": 0.3, "peak_threshold": 2.0, "aperiodic_mode": "fixed", "freq_range": [1.0, 50.0], "freq_res": 0.5, "aperiodic_params_": [-0.0003239623467371036, 0.9990446443809218], "gaussian_params_": [[19.354942535546908, 0.3961087024329819, 0.9981306022523122]], "peak_params_": [[19.354942535546908, 0.39194769307754007, 1.9962612045046244]], "r_squared_": 0.9998218531222792, "error_": 0.004205605009015169}