{"peak_width_limits": [1.0, 5.0], "max_n_peaks": 1, "min_peak_height": 0.3, "peak_threshold": 2.0, "aperiodic_mode": "fixed", "freq_range": [1.0, 50.0], "freq_res": 0.5, "aperiodic_params_": [-0.0021689951417807355, 0.9986407703573347], "gaussian_params_": [[19.551980679510386, 0.4048468207765133, 1.002224041118409]], "peak_params_": [[19.551980679510386, 0.40430266533281345, 2.004448082236818]], "r_squared_": 0.9998213330248915, "error_": 0.004051591756196703}