{"peak_width_limits": [1.0, 5.0], "max_n_peaks": 1, "min_peak_height": 0.3, "peak_threshold": 2.0, "aperiodic_mode": "fixed", "freq_range": [1.0, 50.0], "freq_res": 0.5, "aperiodic_params_": [-0.0007088101620959641, 0.9993402931834837], "gaussian_params_": [[19.535203790702134, 0.39929502538072253, 0.9950335246736333]], "peak_params_": [[19.535203790702134, 0.3990452029425904, 1.9900670493472665]], "r_squared_": 0.9998180740206957, "error_": 0.004009848208759529}