{"peak_width_limits": [1.0, 5.0], "max_n_peaks": 1, "min_peak_height": 0.3, "peak_threshold": 2.0, "aperiodic_mode": "fixed", "freq_range": [1.0, 50.0], "freq_res": 0.5, "aperiodic_params_": [8.5241039764767e-05, 1.0002389561195986], "gaussian_params_": [[20.875971428302556, 0.4034789944105871, 0.9914241063331535]], "peak_params_": [[20.875971428302556, 0.4003340182268892, 1.982848212666307]], "r_squared_": 0.9998343277506232, "error_": 0.003835309557430723}