{"peak_width_limits": [1.0, 5.0], "max_n_peaks": 1, "min_peak_height": 0.3, "peak_threshold": 2.0, "aperiodic_mode": "fixed", "freq_range": [1.0, 50.0], "freq_res": 0.5, "aperiodic_params_": [-0.0005058637570429389, 0.9996343814955851], "gaussian_params_": [[19.932305470205808, 0.40071441493233806, 1.0034615534652362]], "peak_params_": [[19.932305470205808, 0.3998036283517702, 2.0069231069304725]], "r_squared_": 0.999838073077422, "error_": 0.0038799915827710772}