{"peak_width_limits": [1.0, 5.0], "max_n_peaks": 1, "min_peak_height": 0.3, "peak_threshold": 2.0, "aperiodic_mode": "fixed", "freq_range": [1.0, 50.0], "freq_res": 0.5, "aperiodic_params_": [-0.0028003317906323062, 0.9982892154820581], "gaussian_params_": [[19.730282640068815, 0.4042748159732876, 0.9942352165534408]], "peak_params_": [[19.730282640068815, 0.3935749288512972, 1.9884704331068817]], "r_squared_": 0.9998182224053238, "error_": 0.003972375041289858}