{"peak_width_limits": [1.0, 5.0], "max_n_peaks": 1, "min_peak_height": 0.3, "peak_threshold": 2.0, "aperiodic_mode": "fixed", "freq_range": [1.0, 50.0], "freq_res": 0.5, "aperiodic_params_": [0.0019120723803919151, 1.0009932282094292], "gaussian_params_": [[19.527197932051624, 0.4021426333252644, 0.9794322196043938]], "peak_params_": [[19.527197932051624, 0.4019876127312225, 1.9588644392087875]], "r_squared_": 0.9998523765252698, "error_": 0.003767257697188278}