{"peak_width_limits": [1.0, 5.0], "max_n_peaks": 1, "min_peak_height": 0.3, "peak_threshold": 2.0, "aperiodic_mode": "fixed", "freq_range": [1.0, 50.0], "freq_res": 0.5, "aperiodic_params_": [-0.0009966388191675918, 0.9988345461129001], "gaussian_params_": [[20.444889783761813, 0.40005396288676026, 0.9946412545254468]], "peak_params_": [[20.444889783761813, 0.39944036111976744, 1.9892825090508937]], "r_squared_": 0.9998494508294407, "error_": 0.003533752189539134}