{"peak_width_limits": [1.0, 5.0], "max_n_peaks": 1, "min_peak_height": 0.3, "peak_threshold": 2.0, "aperiodic_mode": "fixed", "freq_range": [1.0, 50.0], "freq_res": 0.5, "aperiodic_params_": [-0.0025113572117657834, 0.9989111842683843], "gaussian_params_": [[18.760365823797493, 0.4028361816274815, 0.9819621228278591]], "peak_params_": [[18.760365823797493, 0.39101783808876434, 1.9639242456557182]], "r_squared_": 0.9998360277193571, "error_": 0.003963628020525433}