{"peak_width_limits": [1.0, 5.0], "max_n_peaks": 1, "min_peak_height": 0.3, "peak_threshold": 2.0, "aperiodic_mode": "fixed", "freq_range": [1.0, 50.0], "freq_res": 0.5, "aperiodic_params_": [8.546810305543569e-05, 1.000218276045274], "gaussian_params_": [[21.247929779412647, 0.403377702372871, 1.0090961523447122]], "peak_params_": [[21.247929779412647, 0.3913844627324563, 2.0181923046894243]], "r_squared_": 0.9998648831157477, "error_": 0.0034302753227837346}