{"peak_width_limits": [1.0, 5.0], "max_n_peaks": 1, "min_peak_height": 0.3, "peak_threshold": 2.0, "aperiodic_mode": "fixed", "freq_range": [1.0, 50.0], "freq_res": 0.5, "aperiodic_params_": [-0.0023535512481946638, 0.9984366116816384], "gaussian_params_": [[19.96584616865242, 0.40136136622701074, 0.9972371766976422]], "peak_params_": [[19.96584616865242, 0.4011260455100827, 1.9944743533952844]], "r_squared_": 0.9998087365160951, "error_": 0.0040972992647911105}