{"peak_width_limits": [1.0, 5.0], "max_n_peaks": 1, "min_peak_height": 0.3, "peak_threshold": 2.0, "aperiodic_mode": "fixed", "freq_range": [1.0, 50.0], "freq_res": 0.5, "aperiodic_params_": [0.0010315576727720362, 1.0007578604195397], "gaussian_params_": [[18.662518868245797, 0.400409818712344, 0.992201557063546]], "peak_params_": [[18.662518868245797, 0.3950743471969673, 1.984403114127092]], "r_squared_": 0.9998893909283058, "error_": 0.00321219548083497}