{"peak_width_limits": [1.0, 5.0], "max_n_peaks": 1, "min_peak_height": 0.3, "peak_threshold": 2.0, "aperiodic_mode": "fixed", "freq_range": [1.0, 50.0], "freq_res": 0.5, "aperiodic_params_": [-0.00245844087259263, 0.9983547430493314], "gaussian_params_": [[19.748424057898028, 0.4083685176973754, 0.9956123162841874]], "peak_params_": [[19.748424057898028, 0.3958519048679803, 1.991224632568375]], "r_squared_": 0.9998224260585512, "error_": 0.004080051796064195}