{"peak_width_limits": [1.0, 5.0], "max_n_peaks": 1, "min_peak_height": 0.3, "peak_threshold": 2.0, "aperiodic_mode": "fixed", "freq_range": [1.0, 50.0], "freq_res": 0.5, "aperiodic_params_": [-0.0003137492317177861, 0.999471727361032], "gaussian_params_": [[18.510670721647145, 0.4037119575719648, 0.9879771742900798]], "peak_params_": [[18.510670721647145, 0.40368841126982724, 1.9759543485801596]], "r_squared_": 0.9998368480919818, "error_": 0.003925316075698261}