{"peak_width_limits": [1.0, 5.0], "max_n_peaks": 1, "min_peak_height": 0.3, "peak_threshold": 2.0, "aperiodic_mode": "fixed", "freq_range": [1.0, 50.0], "freq_res": 0.5, "aperiodic_params_": [0.0021008435804616503, 1.001046798024924], "gaussian_params_": [[19.67770209687831, 0.39647706055177456, 1.0014679200510164]], "peak_params_": [[19.67770209687831, 0.39028428875506194, 2.0029358401020327]], "r_squared_": 0.9998479518487109, "error_": 0.003655236572686607}