{"peak_width_limits": [1.0, 5.0], "max_n_peaks": 1, "min_peak_height": 0.3, "peak_threshold": 2.0, "aperiodic_mode": "fixed", "freq_range": [1.0, 50.0], "freq_res": 0.5, "aperiodic_params_": [0.00025891975550066434, 1.0003997229090056], "gaussian_params_": [[19.391497411278724, 0.40542165556452187, 0.9909245749804747]], "peak_params_": [[19.391497411278724, 0.40299853590043677, 1.9818491499609494]], "r_squared_": 0.9998368866829114, "error_": 0.0037756553052562592}