{"peak_width_limits": [1.0, 5.0], "max_n_peaks": 1, "min_peak_height": 0.3, "peak_threshold": 2.0, "aperiodic_mode": "fixed", "freq_range": [1.0, 50.0], "freq_res": 0.5, "aperiodic_params_": [-0.003369935030420848, 0.9975149647987408], "gaussian_params_": [[20.258221433042372, 0.394840619780004, 0.9993403628968701]], "peak_params_": [[20.258221433042372, 0.38345226957264156, 1.9986807257937402]], "r_squared_": 0.999850649576367, "error_": 0.003574881959984574}