{"peak_width_limits": [1.0, 5.0], "max_n_peaks": 1, "min_peak_height": 0.3, "peak_threshold": 2.0, "aperiodic_mode": "fixed", "freq_range": [1.0, 50.0], "freq_res": 0.5, "aperiodic_params_": [0.0014920708678084573, 1.0006794834549102], "gaussian_params_": [[19.609207034820688, 0.3998493864290345, 0.9822219136719674]], "peak_params_": [[19.609207034820688, 0.3973855778919161, 1.9644438273439349]], "r_squared_": 0.9998275896946185, "error_": 0.0039671637253444235}