{"peak_width_limits": [1.0, 5.0], "max_n_peaks": 1, "min_peak_height": 0.3, "peak_threshold": 2.0, "aperiodic_mode": "fixed", "freq_range": [1.0, 50.0], "freq_res": 0.5, "aperiodic_params_": [0.0020847402104503567, 1.0017984771090522], "gaussian_params_": [[22.04358650171811, 0.4001826164658051, 1.013991086713756]], "peak_params_": [[22.04358650171811, 0.39981307482896056, 2.027982173427512]], "r_squared_": 0.999850470712291, "error_": 0.0036528599980977733}