{"peak_width_limits": [1.0, 5.0], "max_n_peaks": 1, "min_peak_height": 0.3, "peak_threshold": 2.0, "aperiodic_mode": "fixed", "freq_range": [1.0, 50.0], "freq_res": 0.5, "aperiodic_params_": [-8.008360710314499e-05, 0.9993055720788558], "gaussian_params_": [[20.08182680035761, 0.39607863147602856, 0.9937825506384064]], "peak_params_": [[20.08182680035761, 0.3947382638274072, 1.9875651012768127]], "r_squared_": 0.9998413199228745, "error_": 0.003822051065616319}