{"peak_width_limits": [1.0, 5.0], "max_n_peaks": 1, "min_peak_height": 0.3, "peak_threshold": 2.0, "aperiodic_mode": "fixed", "freq_range": [1.0, 50.0], "freq_res": 0.5, "aperiodic_params_": [-8.634907248911833e-06, 1.0006893420342347], "gaussian_params_": [[19.82064523782376, 0.398977853590056, 1.0005223790682434]], "peak_params_": [[19.82064523782376, 0.39261859168452495, 2.0010447581364867]], "r_squared_": 0.9998416951452629, "error_": 0.003935278862992861}