{"peak_width_limits": [1.0, 5.0], "max_n_peaks": 1, "min_peak_height": 0.3, "peak_threshold": 2.0, "aperiodic_mode": "fixed", "freq_range": [1.0, 50.0], "freq_res": 0.5, "aperiodic_params_": [0.0008970546073557603, 1.00091208921373], "gaussian_params_": [[20.337194670999658, 0.4036457135123427, 1.0069595317384181]], "peak_params_": [[20.337194670999658, 0.3984042993918365, 2.0139190634768362]], "r_squared_": 0.9998652845182301, "error_": 0.0036120299062091907}