{"peak_width_limits": [1.0, 5.0], "max_n_peaks": 1, "min_peak_height": 0.3, "peak_threshold": 2.0, "aperiodic_mode": "fixed", "freq_range": [1.0, 50.0], "freq_res": 0.5, "aperiodic_params_": [0.0025334837601563758, 1.0011466863201663], "gaussian_params_": [[20.600190592905285, 0.39655458341837135, 1.0031284874167505]], "peak_params_": [[20.600190592905285, 0.39458156516782905, 2.006256974833501]], "r_squared_": 0.9998354657296707, "error_": 0.003927698841902406}