{"peak_width_limits": [1.0, 5.0], "max_n_peaks": 1, "min_peak_height": 0.3, "peak_threshold": 2.0, "aperiodic_mode": "fixed", "freq_range": [1.0, 50.0], "freq_res": 0.5, "aperiodic_params_": [-0.0013445259276453252, 0.9980658559933487], "gaussian_params_": [[21.33166680947598, 0.3950577578065257, 1.0031620481388894]], "peak_params_": [[21.33166680947598, 0.3895347669507956, 2.006324096277779]], "r_squared_": 0.9998550144981659, "error_": 0.003532112670783817}