{"peak_width_limits": [1.0, 5.0], "max_n_peaks": 1, "min_peak_height": 0.3, "peak_threshold": 2.0, "aperiodic_mode": "fixed", "freq_range": [1.0, 50.0], "freq_res": 0.5, "aperiodic_params_": [0.0014931827662835041, 1.0017773509176484], "gaussian_params_": [[20.025586129382418, 0.40132310234579577, 1.0055986992543873]], "peak_params_": [[20.025586129382418, 0.4011932189436097, 2.0111973985087745]], "r_squared_": 0.9998368439431049, "error_": 0.0038406003467807022}