{"peak_width_limits": [1.0, 5.0], "max_n_peaks": 1, "min_peak_height": 0.3, "peak_threshold": 2.0, "aperiodic_mode": "fixed", "freq_range": [1.0, 50.0], "freq_res": 0.5, "aperiodic_params_": [-0.00011467195912573305, 1.0004063101858662], "gaussian_params_": [[22.002448181548935, 0.40244389942585046, 0.9981377143722273]], "peak_params_": [[22.002448181548935, 0.4024426888806524, 1.9962754287444546]], "r_squared_": 0.9998171716338298, "error_": 0.003997219099367915}