{"peak_width_limits": [1.0, 5.0], "max_n_peaks": 1, "min_peak_height": 0.3, "peak_threshold": 2.0, "aperiodic_mode": "fixed", "freq_range": [1.0, 50.0], "freq_res": 0.5, "aperiodic_params_": [-0.0011042539417467174, 0.9993594693030652], "gaussian_params_": [[19.975658897541187, 0.39951702576046133, 1.0033079442705246]], "peak_params_": [[19.975658897541187, 0.39939946743821, 2.006615888541049]], "r_squared_": 0.9998195055323765, "error_": 0.004100234440187848}