{"peak_width_limits": [1.0, 5.0], "max_n_peaks": 1, "min_peak_height": 0.3, "peak_threshold": 2.0, "aperiodic_mode": "fixed", "freq_range": [1.0, 50.0], "freq_res": 0.5, "aperiodic_params_": [0.0010327822124089178, 1.0009390618404705], "gaussian_params_": [[18.903450070132656, 0.40051112478537665, 0.9974530326631011]], "peak_params_": [[18.903450070132656, 0.39863920724524404, 1.9949060653262023]], "r_squared_": 0.999855567391184, "error_": 0.0036023050840440912}