{"peak_width_limits": [1.0, 5.0], "max_n_peaks": 1, "min_peak_height": 0.3, "peak_threshold": 2.0, "aperiodic_mode": "fixed", "freq_range": [1.0, 50.0], "freq_res": 0.5, "aperiodic_params_": [-0.0009170400719095803, 0.9985404696728172], "gaussian_params_": [[19.42138419779304, 0.39909209251740785, 0.9818299384690143]], "peak_params_": [[19.42138419779304, 0.3978147882215499, 1.9636598769380287]], "r_squared_": 0.9998449439969489, "error_": 0.00384615323465662}