{"peak_width_limits": [1.0, 5.0], "max_n_peaks": 1, "min_peak_height": 0.3, "peak_threshold": 2.0, "aperiodic_mode": "fixed", "freq_range": [1.0, 50.0], "freq_res": 0.5, "aperiodic_params_": [-0.005863830709980208, 0.9958405378495442], "gaussian_params_": [[19.075186209712417, 0.4026269980265429, 1.0056271815342914]], "peak_params_": [[19.075186209712417, 0.4015032511395842, 2.011254363068583]], "r_squared_": 0.9998218344161109, "error_": 0.004122142117042068}