{"peak_width_limits": [1.0, 5.0], "max_n_peaks": 1, "min_peak_height": 0.3, "peak_threshold": 2.0, "aperiodic_mode": "fixed", "freq_range": [1.0, 50.0], "freq_res": 0.5, "aperiodic_params_": [-0.0017175466544725147, 0.9990039876873339], "gaussian_params_": [[21.79843218784247, 0.4003559366127194, 0.9994474457441015]], "peak_params_": [[21.79843218784247, 0.39229602979935074, 1.998894891488203]], "r_squared_": 0.9998679440902033, "error_": 0.0033824489970377654}