{"peak_width_limits": [1.0, 5.0], "max_n_peaks": 1, "min_peak_height": 0.3, "peak_threshold": 2.0, "aperiodic_mode": "fixed", "freq_range": [1.0, 50.0], "freq_res": 0.5, "aperiodic_params_": [-0.002277345739278916, 0.9984839343634867], "gaussian_params_": [[19.421489667303813, 0.39819343834321247, 1.0036534312599306]], "peak_params_": [[19.421489667303813, 0.39697701151361264, 2.007306862519861]], "r_squared_": 0.999815647263243, "error_": 0.00415002598364285}