{"peak_width_limits": [1.0, 5.0], "max_n_peaks": 1, "min_peak_height": 0.3, "peak_threshold": 2.0, "aperiodic_mode": "fixed", "freq_range": [1.0, 50.0], "freq_res": 0.5, "aperiodic_params_": [0.001292271401710982, 1.000936201877526], "gaussian_params_": [[19.11479618595617, 0.4049129244047296, 0.9736706985761092]], "peak_params_": [[19.11479618595617, 0.40210843369331517, 1.9473413971522184]], "r_squared_": 0.9998286991733861, "error_": 0.0041765679682594726}