{"peak_width_limits": [1.0, 5.0], "max_n_peaks": 1, "min_peak_height": 0.3, "peak_threshold": 2.0, "aperiodic_mode": "fixed", "freq_range": [1.0, 50.0], "freq_res": 0.5, "aperiodic_params_": [-0.00047769883796096015, 0.9993917481112913], "gaussian_params_": [[19.923994132624383, 0.3970430052231098, 0.9963952671656442]], "peak_params_": [[19.923994132624383, 0.3958895337204955, 1.9927905343312884]], "r_squared_": 0.9998497656613389, "error_": 0.0037689708929395417}