{"peak_width_limits": [1.0, 5.0], "max_n_peaks": 1, "min_peak_height": 0.3, "peak_threshold": 2.0, "aperiodic_mode": "fixed", "freq_range": [1.0, 50.0], "freq_res": 0.5, "aperiodic_params_": [-0.001110920084357429, 0.9991288344992062], "gaussian_params_": [[19.980554828628136, 0.3965996059351477, 1.0048420046748276]], "peak_params_": [[19.980554828628136, 0.39652535368618813, 2.0096840093496553]], "r_squared_": 0.9998580708739065, "error_": 0.0034891045231521}