{"peak_width_limits": [1.0, 5.0], "max_n_peaks": 1, "min_peak_height": 0.3, "peak_threshold": 2.0, "aperiodic_mode": "fixed", "freq_range": [1.0, 50.0], "freq_res": 0.5, "aperiodic_params_": [0.001203619864654372, 1.0008163653733908], "gaussian_params_": [[19.777148189471692, 0.3936271992021943, 1.003885367726027]], "peak_params_": [[19.777148189471692, 0.3840468850789236, 2.007770735452054]], "r_squared_": 0.9998613805110929, "error_": 0.003553193248098315}