{"peak_width_limits": [1.0, 5.0], "max_n_peaks": 1, "min_peak_height": 0.3, "peak_threshold": 2.0, "aperiodic_mode": "fixed", "freq_range": [1.0, 50.0], "freq_res": 0.5, "aperiodic_params_": [0.0003848480038090691, 0.9996176056829389], "gaussian_params_": [[19.947149595450146, 0.40219381128103776, 0.9974716425857171]], "peak_params_": [[19.947149595450146, 0.4016296592752785, 1.9949432851714342]], "r_squared_": 0.9998287814629493, "error_": 0.003911208514543242}