{"peak_width_limits": [1.0, 5.0], "max_n_peaks": 1, "min_peak_height": 0.3, "peak_threshold": 2.0, "aperiodic_mode": "fixed", "freq_range": [1.0, 50.0], "freq_res": 0.5, "aperiodic_params_": [0.0027599218911131783, 1.0019964723779804], "gaussian_params_": [[21.296513153161595, 0.40630510336880205, 0.9785950346429391]], "peak_params_": [[21.296513153161595, 0.39761544125013704, 1.9571900692858781]], "r_squared_": 0.999858725498943, "error_": 0.00371875665800685}