{"peak_width_limits": [1.0, 5.0], "max_n_peaks": 1, "min_peak_height": 0.3, "peak_threshold": 2.0, "aperiodic_mode": "fixed", "freq_range": [1.0, 50.0], "freq_res": 0.5, "aperiodic_params_": [-0.003291458299285733, 0.9979370222221842], "gaussian_params_": [[19.398636394236288, 0.4014992163063087, 0.9983396753316445]], "peak_params_": [[19.398636394236288, 0.39943505627032183, 1.996679350663289]], "r_squared_": 0.9998277447881163, "error_": 0.003951195191398788}