{"peak_width_limits": [1.0, 5.0], "max_n_peaks": 1, "min_peak_height": 0.3, "peak_threshold": 2.0, "aperiodic_mode": "fixed", "freq_range": [1.0, 50.0], "freq_res": 0.5, "aperiodic_params_": [0.0001432622712323933, 0.9996437487506394], "gaussian_params_": [[18.89623456119307, 0.39848967540228725, 0.9990675019126612]], "peak_params_": [[18.89623456119307, 0.3963461325535165, 1.9981350038253225]], "r_squared_": 0.9998219314256804, "error_": 0.003884248619266043}