{"peak_width_limits": [1.0, 5.0], "max_n_peaks": 1, "min_peak_height": 0.3, "peak_threshold": 2.0, "aperiodic_mode": "fixed", "freq_range": [1.0, 50.0], "freq_res": 0.5, "aperiodic_params_": [-0.0010853532292949089, 0.9987589540471506], "gaussian_params_": [[19.20624421655806, 0.4028201276579391, 0.98543885967512]], "peak_params_": [[19.20624421655806, 0.39409366604064977, 1.97087771935024]], "r_squared_": 0.9997630191515794, "error_": 0.004578957148996224}