{"peak_width_limits": [1.0, 5.0], "max_n_peaks": 1, "min_peak_height": 0.3, "peak_threshold": 2.0, "aperiodic_mode": "fixed", "freq_range": [1.0, 50.0], "freq_res": 0.5, "aperiodic_params_": [0.0013680722500712032, 1.001920049059582], "gaussian_params_": [[19.23460700450813, 0.4001213402861152, 1.004404635790901]], "peak_params_": [[19.23460700450813, 0.3893538106838026, 2.008809271581802]], "r_squared_": 0.9998269735063144, "error_": 0.003960166028248068}