{"peak_width_limits": [1.0, 5.0], "max_n_peaks": 1, "min_peak_height": 0.3, "peak_threshold": 2.0, "aperiodic_mode": "fixed", "freq_range": [1.0, 50.0], "freq_res": 0.5, "aperiodic_params_": [-0.0006517312728409164, 0.9991112454071942], "gaussian_params_": [[18.109823795396036, 0.3976208224892624, 1.0021868513641552]], "peak_params_": [[18.109823795396036, 0.3952405238668779, 2.0043737027283104]], "r_squared_": 0.999853917809029, "error_": 0.0035778847852301243}