{"peak_width_limits": [1.0, 5.0], "max_n_peaks": 1, "min_peak_height": 0.3, "peak_threshold": 2.0, "aperiodic_mode": "fixed", "freq_range": [1.0, 50.0], "freq_res": 0.5, "aperiodic_params_": [-0.0010083873558160768, 0.9993984756160134], "gaussian_params_": [[20.934328753517693, 0.39931158334336736, 1.0055708116083897]], "peak_params_": [[20.934328753517693, 0.3984609466283362, 2.0111416232167794]], "r_squared_": 0.9998489196234067, "error_": 0.0037805006318185424}